{"test/env_step": 0, "test/reward": 564.5049999999978, "test/length": 3899.2, "test/reward_std": 0.0, "test/length_std": 308.4350174672131, "_timestamp": 1700267255.8901556, "_runtime": 90.63609862327576, "_step": 0}