{"test/env_step": 0, "test/reward": -12.800000000000047, "test/length": 256.0, "test/reward_std": 12.800000000000047, "test/length_std": 0.0, "_timestamp": 1700236769.9801571, "_runtime": 3.2854180335998535, "_step": 0}