{"test/env_step": 256200, "test/reward": -12.800000000000047, "test/length": 256.0, "test/reward_std": 12.800000000000047, "test/length_std": 0.0, "_timestamp": 1700196747.480469, "_runtime": 15027.050191879272, "_step": 23567, "train/episode": 20, "train/reward": 21.335000000000054, "train/length": 256.0, "train/env_step": 318000, "update/agent0/loss": 8.999276371002198, "update/gradient_step": 5119}