{"test/env_step": 180000, "test/reward": 560.4649999999943, "test/length": 3738.0, "test/reward_std": 0.0, "test/length_std": 682.2498076218124, "_timestamp": 1700267090.7105777, "_runtime": 1399.988826751709, "_step": 37, "train/episode": 1, "train/reward": 15.367499999999195, "train/length": 4000.0, "train/env_step": 185200, "update/pursuer_0/loss": 0.8916207523643971, "update/pursuer_1/loss": 0.9896492716670037, "update/pursuer_2/loss": 0.8976879467070102, "update/pursuer_3/loss": 0.9978700922429562, "update/pursuer_4/loss": 0.8590490344166756, "update/pursuer_5/loss": 1.097303182259202, "update/pursuer_6/loss": 1.133335281908512, "update/pursuer_7/loss": 1.0130260413885117, "update/gradient_step": 3499}