{"test/env_step": 2420000, "test/reward": 194.86549999999824, "test/length": 3098.8, "test/reward_std": 136.24709665966384, "test/length_std": 1140.3558041243093, "_timestamp": 1700359015.3983274, "_runtime": 17498.40873146057, "_step": 573, "update/pursuer_0/loss": 0.7236443142592907, "update/pursuer_1/loss": 0.8274103849008679, "update/pursuer_2/loss": 0.8452418066561223, "update/pursuer_3/loss": 0.8942383028566837, "update/pursuer_4/loss": 0.8514767289906741, "update/pursuer_5/loss": 0.834913310855627, "update/pursuer_6/loss": 0.8442180247604847, "update/pursuer_7/loss": 0.9162350984662772, "update/gradient_step": 48499, "train/episode": 1, "train/reward": 215.76749999999623, "train/length": 3400.0, "train/env_step": 2429200}