case,algorithm,mean_S_reward,mean_process_time,process_runs,mean_R_reward,n_Tasks,n_Agents,caseData
10,Random,66.27312346649278,2.5564564598931207e-05,30.0,0.5675675498324689,30,10,"{'case': 0, 'F1': 2, 'F2': 2, 'R1': 3, 'R2': 3, 'Att': 8, 'Rec': 22}"
10,CBBA,150.48094914780967,0.30565288066864016,1.0,0.8268362716987814,30,10,"{'case': 0, 'F1': 2, 'F2': 2, 'R1': 3, 'R2': 3, 'Att': 8, 'Rec': 22}"
10,TBTA,147.6072272592191,0.0031332243813408742,30.0,0.8937562265687354,30,10,"{'case': 0, 'F1': 2, 'F2': 2, 'R1': 3, 'R2': 3, 'Att': 8, 'Rec': 22}"
10,TBTA2,146.6517585516141,0.006193538506825765,30.0,0.9030940684811044,30,10,"{'case': 0, 'F1': 2, 'F2': 2, 'R1': 3, 'R2': 3, 'Att': 8, 'Rec': 22}"
