case,algorithm,mean_S_reward,mean_process_time,process_runs,mean_R_reward,n_Tasks,n_Agents,caseData
10,Random,59.58045016501169,0.0,30.0,0.5474970938170022,30,10,"{'case': 0, 'F1': 2, 'F2': 2, 'R1': 3, 'R2': 3, 'Att': 8, 'Rec': 22}"
10,CBBA,146.1154021139911,0.29168856143951416,1.0,0.790001990003763,30,10,"{'case': 0, 'F1': 2, 'F2': 2, 'R1': 3, 'R2': 3, 'Att': 8, 'Rec': 22}"
10,TBTA,148.56755229293944,0.008475760136560725,30.3,0.9055211116834119,30,10,"{'case': 0, 'F1': 2, 'F2': 2, 'R1': 3, 'R2': 3, 'Att': 8, 'Rec': 22}"
