F_time,F_distance,F_load,F_quality,F_Reward,S_Reward,Algorithm
0,0.11367242768431024,0.0014367206091779497,0.0,0,118.94999999999999,Random
