F_time,F_distance,F_load,F_quality,F_Reward,S_Reward,Algorithm
0,0.14336917562724014,0.0024585464998365864,0.29047619047619044,0,61.0,Random
0,0.17777777777777776,0.0017284851634405875,0.6523809523809525,0,137.0,Random
0,0.17416545718432513,0.0036387943207733704,0.6666666666666667,0,140.0,Random
0,0.15513897866839046,0.002562079892122017,0.6261904761904762,0,131.5,Random
0,0.17595307917888564,0.002915427114427456,0.49047619047619034,0,103.0,Random
