F_time,F_distance,F_load,F_quality,F_Reward,S_Reward,Algorithm
0,0.14336917562724014,0.0024585464998365864,0.29047619047619044,0,61.0,Random
