F_time,F_distance,F_load,F_quality,F_Reward,S_Reward,Algorithm
0,0.22312365758864616,0.0016968411864468464,0.0,0,-0.31999999999999995,Random
0,0.15601122301864498,0.0013546788850214804,0.0,0,0.08000000000000006,TBTA
