F_time,F_distance,F_load,F_quality,F_Reward,S_Reward,Algorithm
0,0.04865636421890524,0.001982797756100893,0.0,0,245.75000000000028,Random
0,0.03571288859709386,0.000986907786495331,0.0,0,383.1999999999987,TBTA
