F_time,F_distance,F_load,F_quality,F_Reward,S_Reward,Algorithm
0,0.07434084755518239,0.0009343964535999656,0.0,0,-0.20000000000000015,TBTA
