{"test/env_step": 57600, "test/reward": -4.493059999999995, "test/length": 750.0, "test/reward_std": 4.703023145637276, "test/length_std": 0.0, "_timestamp": 1700064332.9290547, "_runtime": 323.2759578227997, "_step": 444, "update/pursuer_0/loss": 0.11995901328278706, "update/pursuer_1/loss": 0.11269218426896259, "update/pursuer_2/loss": 0.11072035616030916, "update/pursuer_3/loss": 0.12159839107189327, "update/pursuer_4/loss": 0.13008485929109156, "update/gradient_step": 424, "train/episode": 10, "train/reward": -11.210359999999962, "train/length": 750.0, "train/env_step": 60800}