{"test/env_step": 0, "test/reward": -12.800000000000047, "test/length": 256.0, "test/reward_std": 12.800000000000047, "test/length_std": 0.0, "_timestamp": 1700236312.80981, "_runtime": 19.020907878875732, "_step": 2, "train/episode": 20, "train/reward": -8.770000000000012, "train/length": 256.0, "train/env_step": 10800}