{"test/env_step": 792000, "test/reward": 11.5, "test/length": 6.0, "test/reward_std": 11.5, "test/length_std": 0.0, "_timestamp": 1700162365.0560684, "_runtime": 938.9708454608917, "_step": 2519, "train/episode": 57, "train/reward": 4.166666666666667, "train/length": 10.736842105263158, "train/env_step": 802800, "update/agent0/loss": 11.238065980672836, "update/gradient_step": 13379}