{"test/env_step": 0, "test/reward": -3.1999999999999966, "test/length": 64.0, "test/reward_std": 3.1999999999999966, "test/length_std": 0.0, "_timestamp": 1700175261.1917682, "_runtime": 874.1151752471924, "_step": 2089, "train/episode": 51, "train/reward": 3.009803921568628, "train/length": 11.647058823529411, "train/env_step": 665400, "update/agent0/loss": 3.9806165146827697, "update/gradient_step": 11087}