{"test/env_step": 29900, "test/reward": 0.0, "test/length": 128.0, "test/reward_std": 0.0, "test/length_std": 0.0, "_timestamp": 1700114075.5770476, "_runtime": 152.77456665039062, "_step": 126, "train/episode": 3, "train/reward": 0.0, "train/length": 51.333333333333336, "train/env_step": 30850, "update/agent0/loss": 600.109549407959, "update/gradient_step": 1151}