{"test/env_step": 10000000, "test/reward": 556.9727499999992, "test/length": 1215.2, "test/reward_std": 134.8632803936323, "test/length_std": 239.39791143616938, "_timestamp": 1700330023.9355955, "_runtime": 62478.911182403564, "_step": 2623, "update/pursuer_0/loss": 2.1205990225076676, "update/pursuer_1/loss": 2.235291948914528, "update/pursuer_2/loss": 2.120537402033806, "update/pursuer_3/loss": 2.383575016260147, "update/pursuer_4/loss": 2.2539047330617903, "update/pursuer_5/loss": 2.6217506831884383, "update/pursuer_6/loss": 2.4340494537353514, "update/pursuer_7/loss": 2.606734012365341, "update/gradient_step": 199999, "train/episode": 1, "train/reward": 373.267499999999, "train/length": 1352.0, "train/env_step": 9999600}