{"test/env_step": 80000, "test/reward": 3776.2212499999678, "test/length": 3339.6, "test/reward_std": 0.0, "test/length_std": 1124.0938750833936, "_timestamp": 1700265570.584441, "_runtime": 724.2666778564453, "_step": 20, "train/episode": 1, "train/reward": 181.33124999999734, "train/length": 4000.0, "train/env_step": 93200, "update/pursuer_0/loss": 0.9101436866819859, "update/pursuer_1/loss": 1.0993678167462348, "update/pursuer_2/loss": 1.1882881638407707, "update/pursuer_3/loss": 1.2228838995844127, "update/pursuer_4/loss": 0.8611993634700775, "update/pursuer_5/loss": 1.2155518516898156, "update/pursuer_6/loss": 1.1498748601973057, "update/pursuer_7/loss": 1.2942468199133872, "update/gradient_step": 1999}