{"test/env_step": 676800, "test/reward": 4.975760000000035, "test/length": 707.5, "test/reward_std": 6.286191384168962, "test/length_std": 136.59703510691585, "_timestamp": 1700068191.1666524, "_runtime": 3444.18394446373, "_step": 255, "train/episode": 4, "train/reward": 2.601299999999993, "train/length": 733.75, "train/env_step": 681600, "update/pursuer_0/loss": 0.23427137188613414, "update/pursuer_1/loss": 0.24130001492798328, "update/pursuer_2/loss": 0.2459263649582863, "update/pursuer_3/loss": 0.24743076264858246, "update/pursuer_4/loss": 0.26796674095094203, "update/gradient_step": 3199}