{"test/env_step": 120000, "test/reward": 11.85603124999973, "test/length": 3950.0, "test/reward_std": 0.0, "test/length_std": 217.94494717703367, "_timestamp": 1700264665.2134948, "_runtime": 987.2772028446198, "_step": 28, "train/episode": 1, "train/reward": 19.98750000000007, "train/length": 4000.0, "train/env_step": 134000, "update/pursuer_0/loss": 1.1539209842681886, "update/pursuer_1/loss": 1.1804714875295759, "update/pursuer_2/loss": 1.2458814373612404, "update/pursuer_3/loss": 1.4753446117043496, "update/pursuer_4/loss": 1.1430681835114955, "update/pursuer_5/loss": 1.297983500957489, "update/pursuer_6/loss": 1.2383602720499038, "update/pursuer_7/loss": 1.2606480529904365, "update/gradient_step": 2499}