{"rews": [-0.09559999999999999, -0.0952, -0.0956, -0.0968, -0.098], "total": 165.08184000000006, "_timestamp": 1699989674.023309, "_runtime": 39.49383592605591, "_step": 448, "_wandb": {"runtime": 37}}