{"test/env_step": 180000, "test/reward": 15.0, "test/length": 6.0, "test/reward_std": 15.0, "test/length_std": 0.0, "_timestamp": 1700116515.8266575, "_runtime": 179.17931747436523, "_step": 815, "train/episode": 107, "train/reward": 5.313084112149533, "train/length": 5.5514018691588785, "train/env_step": 181200, "update/agent0/loss": 40.04168069839478, "update/gradient_step": 3017}