{"test/env_step": 15360, "test/reward": 0.0, "test/length": 128.0, "test/reward_std": 0.0, "test/length_std": 0.0, "_timestamp": 1700113080.2006173, "_runtime": 117.28610825538635, "_step": 35, "train/episode": 15, "train/reward": 0.0, "train/length": 45.06666666666667, "train/env_step": 17280}