{"test/env_step": 390000, "test/reward": 18.0, "test/length": 6.0, "test/reward_std": 18.0, "test/length_std": 0.0, "_timestamp": 1700152112.3911088, "_runtime": 488.1520347595215, "_step": 1803, "train/episode": 117, "train/reward": 7.260683760683761, "train/length": 5.17948717948718, "train/env_step": 391200, "update/agent0/loss": 55.27609365463257, "update/gradient_step": 6515}