{"test/env_step": 3210000, "test/reward": 23.650000000000002, "test/length": 64.0, "test/reward_std": 23.650000000000002, "test/length_std": 0.0, "_timestamp": 1700178299.1688762, "_runtime": 3017.1838002204895, "_step": 3402, "train/episode": 20, "train/reward": 8.884999999999998, "train/length": 64.0, "train/env_step": 3218400, "update/agent0/loss": 6.061808052062989, "update/gradient_step": 53631}