{"test/env_step": 1920, "test/reward": 0.0, "test/length": 128.0, "test/reward_std": 0.0, "test/length_std": 0.0, "_timestamp": 1700113619.8644907, "_runtime": 34.72978663444519, "_step": 7, "train/episode": 14, "train/reward": 0.0, "train/length": 46.42857142857143, "train/env_step": 3840}