{"test/env_step": 7440000, "test/reward": 458.0984999999998, "test/length": 1813.2, "test/reward_std": 165.8848367437485, "test/length_std": 1128.0263117498635, "_timestamp": 1700412157.4919522, "_runtime": 49641.096667289734, "_step": 1846, "update/pursuer_0/loss": 1.4757640647888184, "update/pursuer_1/loss": 1.549897548854351, "update/pursuer_2/loss": 1.5215884633362293, "update/pursuer_3/loss": 1.5667110723257065, "update/pursuer_4/loss": 1.4404839593172074, "update/pursuer_5/loss": 1.593395247757435, "update/pursuer_6/loss": 1.730151295363903, "update/pursuer_7/loss": 1.5367988991737365, "update/gradient_step": 148999, "train/episode": 1, "train/reward": 290.46624999999904, "train/length": 3000.0, "train/env_step": 7458000}