{"test/env_step": 10000000, "test/reward": 601.5498749999997, "test/length": 1140.0, "test/reward_std": 98.39003020337955, "test/length_std": 251.9873012673456, "_timestamp": 1700425315.3163066, "_runtime": 62798.921021699905, "_step": 2575, "update/pursuer_0/loss": 2.1807320803403853, "update/pursuer_1/loss": 2.125030564069748, "update/pursuer_2/loss": 2.389596929550171, "update/pursuer_3/loss": 2.764177656173706, "update/pursuer_4/loss": 2.423080286383629, "update/pursuer_5/loss": 2.4330899828672408, "update/pursuer_6/loss": 2.611387376785278, "update/pursuer_7/loss": 2.741092153787613, "update/gradient_step": 199999, "train/episode": 1, "train/reward": 530.8937499999993, "train/length": 1224.0, "train/env_step": 9999200}