{"test/env_step": 108000, "test/reward": 19.5, "test/length": 6.0, "test/reward_std": 19.5, "test/length_std": 0.0, "_timestamp": 1700152645.1519756, "_runtime": 144.24201560020447, "_step": 522, "train/episode": 109, "train/reward": 5.912844036697248, "train/length": 5.504587155963303, "train/env_step": 113400, "update/agent0/loss": 53.605210094451905, "update/gradient_step": 1889}