{"test/env_step": 0, "test/reward": 0.0, "test/length": 128.0, "test/reward_std": 0.0, "test/length_std": 0.0, "_timestamp": 1700112848.4180973, "_runtime": 21.87342929840088, "_step": 3, "train/episode": 14, "train/reward": 0.0, "train/length": 51.42857142857143, "train/env_step": 1920}