{"test/env_step": 0, "test/reward": -12.800000000000047, "test/length": 256.0, "test/reward_std": 12.800000000000047, "test/length_std": 0.0, "_timestamp": 1700243296.66376, "_runtime": 82.89520597457886, "_step": 14, "train/episode": 20, "train/reward": -0.4200000000000226, "train/length": 256.0, "train/env_step": 56400, "update/agent0/loss": 3.1961567413806917, "update/gradient_step": 767}