{"test/env_step": 26132400, "test/reward": 32.800000000000665, "test/length": 256.0, "test/reward_std": 32.800000000000665, "test/length_std": 0.0, "_timestamp": 1700230071.8163178, "_runtime": 33285.23876476288, "_step": 6930, "train/episode": 20, "train/reward": 101.42750000000026, "train/length": 256.0, "train/env_step": 26220000, "update/agent0/loss": 48.572305631637576, "update/gradient_step": 436991}