{"test/env_step": 9600, "test/reward": -9.921819999999972, "test/length": 750.0, "test/reward_std": 4.53328275134033, "test/length_std": 0.0, "_timestamp": 1700084372.4853806, "_runtime": 132.5345606803894, "_step": 3, "train/episode": 10, "train/reward": -11.081519999999967, "train/length": 750.0, "train/env_step": 8000}