{"test/env_step": 37700, "test/reward": 0.0, "test/length": 128.0, "test/reward_std": 0.0, "test/length_std": 0.0, "_timestamp": 1700114716.1178734, "_runtime": 96.60157632827759, "_step": 255, "train/episode": 1, "train/reward": 139.0, "train/length": 22.0, "train/env_step": 38900, "update/agent0/loss": 122.31624446868896, "update/gradient_step": 1535}