{"test/env_step": 422400, "test/reward": 67.5, "test/length": 2.0, "test/reward_std": 67.5, "test/length_std": 0.0, "_timestamp": 1700115905.6378658, "_runtime": 904.6397557258606, "_step": 1671, "train/episode": 23, "train/reward": 77.95652173913044, "train/length": 20.608695652173914, "train/env_step": 426560, "update/agent0/loss": 855.0265478515626, "update/gradient_step": 6655}