{"test/env_step": 0, "test/reward": -47.40175000000113, "test/length": 4000.0, "test/reward_std": 1.1311154201713756, "test/length_std": 0.0, "_timestamp": 1700248311.2612834, "_runtime": 142.50754046440125, "_step": 0}